<?xml version="1.0" encoding="UTF-8"?>
<!DOCTYPE mapper PUBLIC "-//mybatis.org//DTD Mapper 3.0//EN" "http://mybatis.org/dtd/mybatis-3-mapper.dtd">
<mapper namespace="com.jl.mis.mapper.EvaluationPicMapper">
	<resultMap id="BaseResultMap" type="com.jl.mis.model.EvaluationPic">
		<id column="id" jdbcType="INTEGER" property="id" />
		<result column="pic_url" jdbcType="VARCHAR" property="picUrl" />
		<result column="goods_evaluation_id" jdbcType="INTEGER"
			property="goodsEvaluationId" />
	</resultMap>


	<sql id="Base_Column_List">
		id, pic_url, goods_evaluation_id
	</sql>

	<!-- 根据主键查询信息 -->
	<select id="selectByPrimaryKey" parameterType="java.lang.Integer"
		resultMap="BaseResultMap">
		select
		<include refid="Base_Column_List" />
		from evaluation_pic
		where id = #{id,jdbcType=INTEGER}
	</select>

	<!-- 根据主键删除 信息 -->
	<delete id="deleteByPrimaryKey" parameterType="java.lang.Integer">
		delete from evaluation_pic
		where id = #{id,jdbcType=INTEGER}
	</delete>

	<!-- 保存全部信息 -->
	<insert id="insert" parameterType="com.jl.mis.model.EvaluationPic">
		insert into evaluation_pic (id, pic_url, goods_evaluation_id
		)
		values (#{id,jdbcType=INTEGER}, #{picUrl,jdbcType=VARCHAR},
		#{goodsEvaluationId,jdbcType=INTEGER}
		)
	</insert>

	<!-- 保存所选内容的信息 -->
	<insert id="insertSelective" parameterType="com.jl.mis.model.EvaluationPic"  useGeneratedKeys="true" keyProperty="id">
		insert into evaluation_pic
		<trim prefix="(" suffix=")" suffixOverrides=",">
			<if test="id != null">
				id,
			</if>
			<if test="picUrl != null">
				pic_url,
			</if>
			<if test="goodsEvaluationId != null">
				goods_evaluation_id,
			</if>
		</trim>
		<trim prefix="values (" suffix=")" suffixOverrides=",">
			<if test="id != null">
				#{id,jdbcType=INTEGER},
			</if>
			<if test="picUrl != null">
				#{picUrl,jdbcType=VARCHAR},
			</if>
			<if test="goodsEvaluationId != null">
				#{goodsEvaluationId,jdbcType=INTEGER},
			</if>
		</trim>
	</insert>

	<!-- 根据主键更新所选内容 -->
	<update id="updateByPrimaryKeySelective" parameterType="com.jl.mis.model.EvaluationPic">
		update evaluation_pic
		<set>
			<if test="picUrl != null">
				pic_url = #{picUrl,jdbcType=VARCHAR},
			</if>
			<if test="goodsEvaluationId != null">
				goods_evaluation_id = #{goodsEvaluationId,jdbcType=INTEGER},
			</if>
		</set>
		where id = #{id,jdbcType=INTEGER}
	</update>

	<!-- 根据主键更新全部内容 -->
	<update id="updateByPrimaryKey" parameterType="com.jl.mis.model.EvaluationPic">
		update evaluation_pic
		set pic_url = #{picUrl,jdbcType=VARCHAR},
		goods_evaluation_id = #{goodsEvaluationId,jdbcType=INTEGER}
		where id = #{id,jdbcType=INTEGER}
	</update>




	<!-- 移动端使用 -->

	<!-- 批量存储图片 -->
	<insert id="insertBatchEvaluationPic" useGeneratedKeys="true"
		keyProperty="id">
		insert into evaluation_pic (pic_url, goods_evaluation_id)
		values
		<foreach collection="list" item="item" index="index"
			separator=",">
			(#{item.picUrl,jdbcType=VARCHAR}, #{item.goodsEvaluationId,jdbcType=INTEGER})
		</foreach>
	</insert>
	
	<!-- 根据商品评价id删除图片 -->
	<delete id="deleteByGoodsEvaluationId">
	delete from evaluation_pic
		where goods_evaluation_id = #{goodsEvaluationId,jdbcType=INTEGER}
	</delete>
	
	<!-- 根据商品评价id查询图片 -->
	<select id="selectByGoodsEvaluationId" resultMap="BaseResultMap">
	select *  from evaluation_pic where goods_evaluation_id = #{goodsEvaluationId,jdbcType=INTEGER}
	</select>

</mapper>