<?xml version="1.0" encoding="UTF-8"?>
<!DOCTYPE mapper PUBLIC "-//mybatis.org//DTD Mapper 3.0//EN" "http://mybatis.org/dtd/mybatis-3-mapper.dtd">
<mapper namespace="com.jl.mis.mapper.GoodsCommentMapper">
	<resultMap id="BaseResultMap" type="com.jl.mis.model.GoodsComment">
		<id column="id" jdbcType="INTEGER" property="id" />
		<result column="pic_url" jdbcType="VARCHAR" property="personPicture" />
		<result column="name" jdbcType="VARCHAR" property="personName" />
		<result column="score"  property="score" />
		<result column="evaluation_time" jdbcType="TIMESTAMP" property="time" />
		<result column="evaluation_content" jdbcType="VARCHAR" property="content" />
		<result column="pcUrl" jdbcType="VARCHAR" property="commentUrl" />
	</resultMap>
	<select id="selectForSearch" resultMap="BaseResultMap">
	SELECT
	ge.id,
	u.pic_url,
	u.`name`,
	ge.score,
	ge.evaluation_content,
	ep.pic_url pcUrl,
	ge.evaluation_time
	FROM
	order_detail od 
	LEFT JOIN order_table ot ON od.order_id=ot.id
	LEFT JOIN `user` u  ON u.id=ot.user_id
	LEFT JOIN goods_evaluation ge ON ge.order_detail_id=od.id 
	LEFT JOIN evaluation_pic ep ON ep.goods_evaluation_id=ge.id
	WHERE od.goods_specification_details_id=#{gsdId} AND ge.score!=0 ORDER BY ge.id desc
	limit ${iDisplayStart},${pageDisplayLength}
	</select>
	<select id="iTotalDisplayRecords" resultType="java.lang.Integer">
	SELECT 
COUNT(1)
FROM (SELECT 
COUNT(1)
FROM order_detail od 
LEFT JOIN order_table ot ON od.order_id=ot.id 
LEFT JOIN `user` u ON u.id=ot.user_id 
LEFT JOIN goods_evaluation ge ON ge.order_detail_id=od.id 
LEFT JOIN evaluation_pic ep ON ep.goods_evaluation_id=ge.id 
WHERE od.goods_specification_details_id=#{gsdId} AND ge.score!=0 GROUP BY ge.id  ) msg  
	
	</select>
	<select id="iTotalRecords"  resultType="java.lang.Integer">
	SELECT 
COUNT(1)
FROM (SELECT 
COUNT(1)
FROM order_detail od 
LEFT JOIN order_table ot ON od.order_id=ot.id 
LEFT JOIN `user` u ON u.id=ot.user_id 
LEFT JOIN goods_evaluation ge ON ge.order_detail_id=od.id 
LEFT JOIN evaluation_pic ep ON ep.goods_evaluation_id=ge.id 
WHERE od.goods_specification_details_id=#{gsdId} AND ge.score!=0 GROUP BY ge.id  ) msg  
	</select>
</mapper>