<?xml version="1.0" encoding="UTF-8"?>
<!DOCTYPE mapper PUBLIC "-//mybatis.org//DTD Mapper 3.0//EN" "http://mybatis.org/dtd/mybatis-3-mapper.dtd">
<mapper namespace="com.jl.mis.mapper.MenuMapper">
  <resultMap id="BaseResultMap" type="com.jl.mis.model.Menu">
    <id column="id" jdbcType="INTEGER" property="id" />
    <result column="parent_id" jdbcType="INTEGER" property="parentId" />
    <result column="name" jdbcType="VARCHAR" property="name" />
    <result column="url" jdbcType="VARCHAR" property="url" />
    <result column="icon" jdbcType="VARCHAR" property="icon" />
    <result column="sort" jdbcType="INTEGER" property="sort" />
    <result column="is_effective" jdbcType="INTEGER" property="isEffective" />
  </resultMap>
  
  
  <sql id="Base_Column_List">
    id, parent_id, name, url, icon, sort, is_effective
  </sql>
  
  <!-- 根据主键查询信息 -->
  <select id="selectByPrimaryKey" parameterType="java.lang.Integer" resultMap="BaseResultMap">
    select 
    <include refid="Base_Column_List" />
    from menu
    where id = #{id,jdbcType=INTEGER}
  </select>
  
   <!-- 根据主键查询信息 -->
  <select id="selectByAll" parameterType="java.lang.Integer" resultMap="BaseResultMap">
    select 
    <include refid="Base_Column_List" />
    from menu
  </select>
  
  
   <!-- 根据主键删除 信息 -->
  <delete id="deleteByPrimaryKey" parameterType="java.lang.Integer">
    delete from menu
    where id = #{id,jdbcType=INTEGER}
  </delete>
  
  <!-- 保存全部信息  -->
  <insert id="insert" parameterType="com.jl.mis.model.Menu">
    insert into menu (id, parent_id, name, 
      url, icon, sort, is_effective
      )
    values (#{id,jdbcType=INTEGER}, #{parentId,jdbcType=INTEGER}, #{name,jdbcType=VARCHAR}, 
      #{url,jdbcType=VARCHAR}, #{icon,jdbcType=VARCHAR}, #{sort,jdbcType=INTEGER}, #{isEffective,jdbcType=INTEGER}
      )
  </insert>
  
  <!-- 保存所选内容的信息 -->
  <insert id="insertSelective" parameterType="com.jl.mis.model.Menu">
    insert into menu
    <trim prefix="(" suffix=")" suffixOverrides=",">
      <if test="id != null">
        id,
      </if>
      <if test="parentId != null">
        parent_id,
      </if>
      <if test="name != null">
        name,
      </if>
      <if test="url != null">
        url,
      </if>
      <if test="icon != null">
        icon,
      </if>
      <if test="sort != null">
        sort,
      </if>
      <if test="isEffective != null">
        is_effective,
      </if>
    </trim>
    <trim prefix="values (" suffix=")" suffixOverrides=",">
      <if test="id != null">
        #{id,jdbcType=INTEGER},
      </if>
      <if test="parentId != null">
        #{parentId,jdbcType=INTEGER},
      </if>
      <if test="name != null">
        #{name,jdbcType=VARCHAR},
      </if>
      <if test="url != null">
        #{url,jdbcType=VARCHAR},
      </if>
      <if test="icon != null">
        #{icon,jdbcType=VARCHAR},
      </if>
      <if test="sort != null">
        #{sort,jdbcType=INTEGER},
      </if>
      <if test="isEffective != null">
        #{isEffective,jdbcType=INTEGER},
      </if>
    </trim>
  </insert>
  
  <!-- 根据主键更新所选内容 -->
  <update id="updateByPrimaryKeySelective" parameterType="com.jl.mis.model.Menu">
    update menu
    <set>
      <if test="parentId != null">
        parent_id = #{parentId,jdbcType=INTEGER},
      </if>
      <if test="name != null">
        name = #{name,jdbcType=VARCHAR},
      </if>
      <if test="url != null">
        url = #{url,jdbcType=VARCHAR},
      </if>
      <if test="icon != null">
        icon = #{icon,jdbcType=VARCHAR},
      </if>
      <if test="sort != null">
        sort = #{sort,jdbcType=INTEGER},
      </if>
      <if test="isEffective != null">
        is_effective = #{isEffective,jdbcType=INTEGER},
      </if>
    </set>
    where id = #{id,jdbcType=INTEGER}
  </update>
  
  <!-- 根据主键更新全部内容 -->
  <update id="updateByPrimaryKey" parameterType="com.jl.mis.model.Menu">
    update menu
    set parent_id = #{parentId,jdbcType=INTEGER},
      name = #{name,jdbcType=VARCHAR},
      url = #{url,jdbcType=VARCHAR},
      icon = #{icon,jdbcType=VARCHAR},
      sort = #{sort,jdbcType=INTEGER},
      is_effective = #{isEffective,jdbcType=INTEGER}
    where id = #{id,jdbcType=INTEGER}
  </update>
</mapper>