<?xml version="1.0" encoding="UTF-8"?>
<!DOCTYPE mapper PUBLIC "-//mybatis.org//DTD Mapper 3.0//EN" "http://mybatis.org/dtd/mybatis-3-mapper.dtd">
<mapper namespace="com.jl.mis.mapper.OfflinePaymentMapper">
	
	<resultMap id="BaseResultMap" type="com.jl.mis.model.OfflinePayment">
		<id column="id" jdbcType="INTEGER" property="id" />
		<result column="order_id" jdbcType="INTEGER" property="orderId" />
		<result column="payer_name" jdbcType="VARCHAR" property="payerName" />
		<result column="payer_tel" jdbcType="VARCHAR" property="payerTel" />
		<result column="remitter_name" jdbcType="VARCHAR" property="remitterName" />
		<result column="remitter_account" jdbcType="VARCHAR" property="remitterAccount" />
		<result column="payee_name" jdbcType="VARCHAR" property="payeeName" />
		<result column="payee_account" jdbcType="VARCHAR" property="payeeAccount" />
		<result column="payee_account_deposit_bank" jdbcType="VARCHAR"
			property="payeeAccountDepositBank" />
		<result column="remittance_amount" jdbcType="DOUBLE" property="remittanceAmount" />
		<result column="payment_voucher_url_one" jdbcType="VARCHAR"
			property="paymentVoucherUrlOne" />
		<result column="payment_voucher_url_two" jdbcType="VARCHAR"
			property="paymentVoucherUrlTwo" />
		<result column="state" jdbcType="INTEGER" property="state" />
	</resultMap>
	
	<sql id="Base_Column_List">
		id, order_id, payer_name, payer_tel, remitter_name,
		remitter_account,
		payee_name,
		payee_account, payee_account_deposit_bank,
		remittance_amount,
		payment_voucher_url_one,
		payment_voucher_url_two,
		state
	</sql>
	
	<!-- 根据主键查询信息 -->
	<select id="selectByPrimaryKey" parameterType="java.lang.Integer"
		resultMap="BaseResultMap">
		select
		<include refid="Base_Column_List" />
		from offline_payment
		where id = #{id,jdbcType=INTEGER}
	</select>
	
	<!-- 根据主键删除 信息 -->
	<delete id="deleteByPrimaryKey" parameterType="java.lang.Integer">
		delete from
		offline_payment
		where id = #{id,jdbcType=INTEGER}
	</delete>
	
	<!-- 保存全部信息  -->
	<insert id="insert" parameterType="com.jl.mis.model.OfflinePayment">
		insert into offline_payment
		(id, order_id, payer_name,
		payer_tel, remitter_name, remitter_account,
		payee_name, payee_account, payee_account_deposit_bank,
		remittance_amount, payment_voucher_url_one,
		payment_voucher_url_two,
		state)
		values (#{id,jdbcType=INTEGER}, #{orderId,jdbcType=INTEGER},
		#{payerName,jdbcType=VARCHAR},
		#{payerTel,jdbcType=VARCHAR},
		#{remitterName,jdbcType=VARCHAR},
		#{remitterAccount,jdbcType=VARCHAR},
		#{payeeName,jdbcType=VARCHAR}, #{payeeAccount,jdbcType=VARCHAR},
		#{payeeAccountDepositBank,jdbcType=VARCHAR},
		#{remittanceAmount,jdbcType=DOUBLE},
		#{paymentVoucherUrlOne,jdbcType=VARCHAR},
		#{paymentVoucherUrlTwo,jdbcType=VARCHAR}, #{state,jdbcType=INTEGER})
	</insert>
	
	<!-- 保存所选内容的信息 -->
	<insert id="insertSelective" parameterType="com.jl.mis.model.OfflinePayment" useGeneratedKeys="true" keyProperty="id">
		insert into offline_payment
		<trim prefix="(" suffix=")" suffixOverrides=",">
			<if test="id != null">
				id,
			</if>
			<if test="orderId != null">
				order_id,
			</if>
			<if test="payerName != null">
				payer_name,
			</if>
			<if test="payerTel != null">
				payer_tel,
			</if>
			<if test="remitterName != null">
				remitter_name,
			</if>
			<if test="remitterAccount != null">
				remitter_account,
			</if>
			<if test="payeeName != null">
				payee_name,
			</if>
			<if test="payeeAccount != null">
				payee_account,
			</if>
			<if test="payeeAccountDepositBank != null">
				payee_account_deposit_bank,
			</if>
			<if test="remittanceAmount != null">
				remittance_amount,
			</if>
			<if test="paymentVoucherUrlOne != null">
				payment_voucher_url_one,
			</if>
			<if test="paymentVoucherUrlTwo != null">
				payment_voucher_url_two,
			</if>
			<if test="state != null">
				state,
			</if>
		</trim>
		<trim prefix="values (" suffix=")" suffixOverrides=",">
			<if test="id != null">
				#{id,jdbcType=INTEGER},
			</if>
			<if test="orderId != null">
				#{orderId,jdbcType=INTEGER},
			</if>
			<if test="payerName != null">
				#{payerName,jdbcType=VARCHAR},
			</if>
			<if test="payerTel != null">
				#{payerTel,jdbcType=VARCHAR},
			</if>
			<if test="remitterName != null">
				#{remitterName,jdbcType=VARCHAR},
			</if>
			<if test="remitterAccount != null">
				#{remitterAccount,jdbcType=VARCHAR},
			</if>
			<if test="payeeName != null">
				#{payeeName,jdbcType=VARCHAR},
			</if>
			<if test="payeeAccount != null">
				#{payeeAccount,jdbcType=VARCHAR},
			</if>
			<if test="payeeAccountDepositBank != null">
				#{payeeAccountDepositBank,jdbcType=VARCHAR},
			</if>
			<if test="remittanceAmount != null">
				#{remittanceAmount,jdbcType=DOUBLE},
			</if>
			<if test="paymentVoucherUrlOne != null">
				#{paymentVoucherUrlOne,jdbcType=VARCHAR},
			</if>
			<if test="paymentVoucherUrlTwo != null">
				#{paymentVoucherUrlTwo,jdbcType=VARCHAR},
			</if>
			<if test="state != null">
				#{state,jdbcType=INTEGER},
			</if>
		</trim>
	</insert>
	
	<!-- 根据主键更新所选内容 -->
	<update id="updateByPrimaryKeySelective" parameterType="com.jl.mis.model.OfflinePayment">
		update offline_payment
		<set>
			<if test="orderId != null">
				order_id = #{orderId,jdbcType=INTEGER},
			</if>
			<if test="payerName != null">
				payer_name = #{payerName,jdbcType=VARCHAR},
			</if>
			<if test="payerTel != null">
				payer_tel = #{payerTel,jdbcType=VARCHAR},
			</if>
			<if test="remitterName != null">
				remitter_name = #{remitterName,jdbcType=VARCHAR},
			</if>
			<if test="remitterAccount != null">
				remitter_account = #{remitterAccount,jdbcType=VARCHAR},
			</if>
			<if test="payeeName != null">
				payee_name = #{payeeName,jdbcType=VARCHAR},
			</if>
			<if test="payeeAccount != null">
				payee_account = #{payeeAccount,jdbcType=VARCHAR},
			</if>
			<if test="payeeAccountDepositBank != null">
				payee_account_deposit_bank =
				#{payeeAccountDepositBank,jdbcType=VARCHAR},
			</if>
			<if test="remittanceAmount != null">
				remittance_amount = #{remittanceAmount,jdbcType=DOUBLE},
			</if>
			<if test="paymentVoucherUrlOne != null">
				payment_voucher_url_one =
				#{paymentVoucherUrlOne,jdbcType=VARCHAR},
			</if>
			<if test="paymentVoucherUrlTwo != null">
				payment_voucher_url_two =
				#{paymentVoucherUrlTwo,jdbcType=VARCHAR},
			</if>
			<if test="state != null">
				state = #{state,jdbcType=INTEGER},
			</if>
		</set>
		where id = #{id,jdbcType=INTEGER}
	</update>
	
	<!-- 根据主键更新全部内容 -->
	<update id="updateByPrimaryKey" parameterType="com.jl.mis.model.OfflinePayment">
		update
		offline_payment
		set order_id = #{orderId,jdbcType=INTEGER},
		payer_name =
		#{payerName,jdbcType=VARCHAR},
		payer_tel =
		#{payerTel,jdbcType=VARCHAR},
		remitter_name =
		#{remitterName,jdbcType=VARCHAR},
		remitter_account =
		#{remitterAccount,jdbcType=VARCHAR},
		payee_name =
		#{payeeName,jdbcType=VARCHAR},
		payee_account =
		#{payeeAccount,jdbcType=VARCHAR},
		payee_account_deposit_bank =
		#{payeeAccountDepositBank,jdbcType=VARCHAR},
		remittance_amount =
		#{remittanceAmount,jdbcType=DOUBLE},
		payment_voucher_url_one =
		#{paymentVoucherUrlOne,jdbcType=VARCHAR},
		payment_voucher_url_two =
		#{paymentVoucherUrlTwo,jdbcType=VARCHAR},
		state =
		#{state,jdbcType=INTEGER}
		where id = #{id,jdbcType=INTEGER}
	</update>
	
	
	
	
	
	
	<!-- 移动端使用 -->
	
	
	<!-- 根据订单id删除线下支付信息 -->
	<delete id="deleteBuOrderId">
	delete from
		offline_payment
	where order_id = #{orderId,jdbcType=INTEGER}
	</delete>
	
	<!-- 根据订单编号以及用户id获取线下支付信息表中状态为0(待支付)的信息 -->
	<select id="selectOfflineMsgByOrderNoAndUserId" resultMap="BaseResultMap">
	SELECT
		op.*
	FROM
		offline_payment op
	LEFT JOIN order_table ot ON ot.id = op.order_id
	where ot.order_no=#{orderNo}
	and ot.user_id=#{userId}
	and ot.order_state=0
	</select>
</mapper>