<?xml version="1.0" encoding="UTF-8"?>
<!DOCTYPE mapper PUBLIC "-//mybatis.org//DTD Mapper 3.0//EN" "http://mybatis.org/dtd/mybatis-3-mapper.dtd">
<mapper namespace="com.jl.mis.mapper.OrderMessageMapper">
  <resultMap id="BaseResultMap" type="com.jl.mis.model.OrderMessage">
    <id column="id" jdbcType="INTEGER" property="id" />
    <result column="order_state_detail_id" jdbcType="INTEGER" property="orderStateDetailId" />
    <result column="status" jdbcType="INTEGER" property="status" />
  </resultMap>
  
  
  <sql id="Base_Column_List">
    id, order_state_detail_id, status
  </sql>
  
  <!-- 根据主键查询信息 -->
  <select id="selectByPrimaryKey" parameterType="java.lang.Integer" resultMap="BaseResultMap">
    select 
    <include refid="Base_Column_List" />
    from order_message
    where id = #{id,jdbcType=INTEGER}
  </select>
  
   <!-- 根据主键删除 信息 -->
  <delete id="deleteByPrimaryKey" parameterType="java.lang.Integer">
    delete from order_message
    where id = #{id,jdbcType=INTEGER}
  </delete>
  
  <!-- 保存全部信息  -->
  <insert id="insert" parameterType="com.jl.mis.model.OrderMessage">
    insert into order_message (id, order_state_detail_id, status
      )
    values (#{id,jdbcType=INTEGER}, #{orderStateDetailId,jdbcType=INTEGER}, #{status,jdbcType=INTEGER}
      )
  </insert>
  
  <!-- 保存所选内容的信息 -->
  <insert id="insertSelective" parameterType="com.jl.mis.model.OrderMessage">
    insert into order_message
    <trim prefix="(" suffix=")" suffixOverrides=",">
      <if test="id != null">
        id,
      </if>
      <if test="orderStateDetailId != null">
        order_state_detail_id,
      </if>
      <if test="status != null">
        status,
      </if>
    </trim>
    <trim prefix="values (" suffix=")" suffixOverrides=",">
      <if test="id != null">
        #{id,jdbcType=INTEGER},
      </if>
      <if test="orderStateDetailId != null">
        #{orderStateDetailId,jdbcType=INTEGER},
      </if>
      <if test="status != null">
        #{status,jdbcType=INTEGER},
      </if>
    </trim>
  </insert>
  
  <!-- 根据主键更新所选内容 -->
  <update id="updateByPrimaryKeySelective" parameterType="com.jl.mis.model.OrderMessage">
    update order_message
    <set>
      <if test="orderStateDetailId != null">
        order_state_detail_id = #{orderStateDetailId,jdbcType=INTEGER},
      </if>
      <if test="status != null">
        status = #{status,jdbcType=INTEGER},
      </if>
    </set>
    where id = #{id,jdbcType=INTEGER}
  </update>
  
  <!-- 根据主键更新全部内容 -->
  <update id="updateByPrimaryKey" parameterType="com.jl.mis.model.OrderMessage">
    update order_message
    set order_state_detail_id = #{orderStateDetailId,jdbcType=INTEGER},
      status = #{status,jdbcType=INTEGER}
    where id = #{id,jdbcType=INTEGER}
  </update>
</mapper>