<?xml version="1.0" encoding="UTF-8"?>
<!DOCTYPE mapper PUBLIC "-//mybatis.org//DTD Mapper 3.0//EN" "http://mybatis.org/dtd/mybatis-3-mapper.dtd">
<mapper namespace="com.jl.mis.mapper.OrderStateDetailMapper">
  <resultMap id="BaseResultMap" type="com.jl.mis.model.OrderStateDetail">
    <id column="id" jdbcType="INTEGER" property="id" />
    <result column="order_state_detail" jdbcType="VARCHAR" property="orderStateDetail" />
    <result column="add_time" jdbcType="TIMESTAMP" property="addTime" />
    <result column="order_id" jdbcType="INTEGER" property="orderId" />
    <result column="status" jdbcType="INTEGER" property="status" />
    <result column="isdelete" jdbcType="INTEGER" property="isdelete" />
    <association property="orderTable" javaType="com.jl.mis.model.OrderTable"
			resultMap="orderTableMap" />  
  </resultMap>
  
  <resultMap id="orderTableMap" type="com.jl.mis.model.OrderTable">
		<id column="oiderid" jdbcType="INTEGER" property="id" />
		<result column="order_no" jdbcType="VARCHAR" property="orderNo" />
		<result column="order_original_price" jdbcType="DOUBLE"
			property="orderOriginalPrice" />
		<result column="order_present_price" jdbcType="DOUBLE"
			property="orderPresentPrice" />
		<result column="user_id" jdbcType="INTEGER" property="userId" />
		<result column="place_order_time" jdbcType="TIMESTAMP"
			property="placeOrderTime" />
		<result column="order_state" jdbcType="INTEGER" property="orderState" />
		<result column="consignee_name" jdbcType="VARCHAR" property="consigneeName" />
		<result column="consignee_tel" jdbcType="VARCHAR" property="consigneeTel" />
		<result column="consignee_address" jdbcType="VARCHAR" property="consigneeAddress" />
		<result column="pay_type" jdbcType="INTEGER" property="payType" />
		<result column="pay_time" jdbcType="TIMESTAMP" property="payTime" />
		<result column="postage" jdbcType="DOUBLE" property="postage" />
		<result column="postage_pay_type" jdbcType="INTEGER" property="postagePayType" />
		<result column="deliver_goods_time" jdbcType="DATE" property="deliverGoodsTime" />
		<result column="pay_mode" jdbcType="INTEGER" property="payMode" />
		<result column="preferential_type" jdbcType="VARCHAR" property="preferentialType" />
		<result column="car_id_send" jdbcType="VARCHAR" property="carIdSend" />
		<result column="car_id_change_return" jdbcType="VARCHAR"
			property="carIdChangeReturn" />
		<result column="car_id_change_send" jdbcType="VARCHAR"
			property="carIdChangeSend" />
	</resultMap>
  
  
  
  
  <sql id="Base_Column_List">
    id, order_state_detail, add_time, order_id ,status , isdelete
  </sql>
  
  <!-- 根据主键查询信息 -->
  <select id="selectByPrimaryKey" parameterType="java.lang.Integer" resultMap="BaseResultMap">
    select 
    <include refid="Base_Column_List" />
    from order_state_detail
    where id = #{id,jdbcType=INTEGER}
  </select>
  
   <!-- 根据主键删除 信息 -->
  <delete id="deleteByPrimaryKey" parameterType="java.lang.Integer">
    delete from order_state_detail
    where id = #{id,jdbcType=INTEGER}
  </delete>
  
  <!-- 保存全部信息  -->
  <insert id="insert" parameterType="com.jl.mis.model.OrderStateDetail">
    insert into order_state_detail (order_state_detail, add_time, 
      order_id,status,isdelete)
    values (#{orderStateDetail,jdbcType=VARCHAR}, #{addTime,jdbcType=TIMESTAMP}, 
      #{orderId,jdbcType=INTEGER}, #{status,jdbcType=INTEGER}, #{isdelete,jdbcType=INTEGER})
  </insert>
  
  <!-- 保存所选内容的信息 -->
  <insert id="insertSelective" parameterType="com.jl.mis.model.OrderStateDetail">
    insert into order_state_detail
    <trim prefix="(" suffix=")" suffixOverrides=",">
      <if test="id != null">
        id,
      </if>
      <if test="orderStateDetail != null">
        order_state_detail,
      </if>
      <if test="addTime != null">
        add_time,
      </if>
      <if test="orderId != null">
        order_id,
      </if>
      <if test="status != null">
        status,
      </if>
       <if test="isdelete != null">
        isdelete
      </if>
    </trim>
    <trim prefix="values (" suffix=")" suffixOverrides=",">
      <if test="id != null">
        #{id,jdbcType=INTEGER},
      </if>
      <if test="orderStateDetail != null">
        #{orderStateDetail,jdbcType=VARCHAR},
      </if>
      <if test="addTime != null">
        #{addTime,jdbcType=TIMESTAMP},
      </if>
      <if test="orderId != null">
        #{orderId,jdbcType=INTEGER},
      </if>
      <if test="status != null">
        #{status,jdbcType=INTEGER},
      </if>
       <if test="isdelete != null">
        #{isdelete,jdbcType=INTEGER}
      </if>
    </trim>
  </insert>
  
  <!-- 根据主键更新所选内容 -->
  <update id="updateByPrimaryKeySelective" parameterType="com.jl.mis.model.OrderStateDetail">
    update order_state_detail
    <set>
      <if test="orderStateDetail != null">
        order_state_detail = #{orderStateDetail,jdbcType=VARCHAR},
      </if>
      <if test="addTime != null">
        add_time = #{addTime,jdbcType=TIMESTAMP},
      </if>
      <if test="orderId != null">
        order_id = #{orderId,jdbcType=INTEGER},
      </if>
      <if test="status != null">
        status = #{status,jdbcType=INTEGER},
      </if>
      <if test="isdelete != null">
        isdelete = #{isdelete,jdbcType=INTEGER}
      </if>
    </set>
    where id = #{id,jdbcType=INTEGER}
  </update>
  
  <!-- 根据主键更新全部内容 -->
  <update id="updateByPrimaryKey" parameterType="com.jl.mis.model.OrderStateDetail">
    update order_state_detail
    set order_state_detail = #{orderStateDetail,jdbcType=VARCHAR},
      add_time = #{addTime,jdbcType=TIMESTAMP},
      order_id = #{orderId,jdbcType=INTEGER},
      status = #{status,jdbcType=INTEGER},
      isdelete = #{isdelete,jdbcType=INTEGER}
    where id = #{id,jdbcType=INTEGER}
  </update>
  
  
  
  
  
  
  
  <!-- 移动端使用 -->
  
  
  <!-- 根据订单id删除订单状态详情表 -->
  <delete id="deleteByOrderId">
  delete from order_state_detail
    where order_id = #{orderId,jdbcType=INTEGER}
  </delete>
  
   <!-- 根据订单id查询信息 -->
  <select id="selectByOrderId" parameterType="java.lang.Integer" resultMap="BaseResultMap">
    select 
    *
    from order_state_detail
    where order_id = #{orderId,jdbcType=INTEGER}
    ORDER BY add_time desc
  </select>
  
     <!-- 根据订单id查询信息 -->
  <select id="selectOrderMSGByUserId" parameterType="java.lang.Integer" resultMap="BaseResultMap">
 	SELECT
	order_state_detail.add_time,
	order_state_detail.order_state_detail,
	order_table.order_no,
	order_table.order_original_price,
	order_table.order_present_price,
	order_table.user_id,
	order_table.place_order_time,
	order_table.order_state,
	order_table.consignee_name,
	order_table.consignee_tel,
	order_table.consignee_address,
	order_table.pay_type,
	order_table.pay_time,
	order_table.postage,
	order_table.postage_pay_type,
	order_table.deliver_goods_time,
	order_table.pay_mode,
	order_table.preferential_type,
	order_table.car_id_send,
	order_table.car_id_change_return,
	order_table.car_id_change_send,
	order_state_detail.order_id,
	order_state_detail.`status`,
	order_state_detail.isdelete,
	order_state_detail.id ,
	order_table.id AS oiderid
	FROM
	order_state_detail ,
	order_table
	WHERE
	order_state_detail.isdelete = 0 AND
	order_state_detail.order_id = order_table.id AND
	order_table.user_id = #{userId,jdbcType=INTEGER}
	ORDER BY
	order_state_detail.add_time DESC
  </select>
 
  <!-- 根据主键更新全部内容 -->
  <update id="updateStatusByUserId"  parameterType="java.lang.Integer">
   	UPDATE order_state_detail
	SET STATUS = 1
	WHERE
		order_id IN (
			SELECT
				id
			FROM
				order_table
			WHERE
				user_id = #{userId,jdbcType=INTEGER}
				and STATUS=0)
  </update>
 
  
</mapper>