<?xml version="1.0" encoding="UTF-8"?>
<!DOCTYPE mapper PUBLIC "-//mybatis.org//DTD Mapper 3.0//EN" "http://mybatis.org/dtd/mybatis-3-mapper.dtd">
<mapper namespace="com.jl.mis.mapper.RoleMapper">
  <resultMap id="BaseResultMap" type="com.jl.mis.model.Role">
    <id column="id" jdbcType="INTEGER" property="id" />
    <result column="name" jdbcType="VARCHAR" property="name" />
    <result column="description" jdbcType="VARCHAR" property="description" />
    <result column="operator_identifier" jdbcType="VARCHAR" property="operatorIdentifier" />
    <result column="create_time" jdbcType="TIMESTAMP" property="createTime" />
  </resultMap>
  
  
  <sql id="Base_Column_List">
    id, name, description, operator_identifier, create_time
  </sql>
  
  <!-- 根据主键查询信息 -->
  <select id="selectByPrimaryKey" parameterType="java.lang.Integer" resultMap="BaseResultMap">
    select 
    <include refid="Base_Column_List" />
    from role
    where id = #{id,jdbcType=INTEGER}
  </select>
  
   <!-- 根据主键删除 信息 -->
  <delete id="deleteByPrimaryKey" parameterType="java.lang.Integer">
    delete from role
    where id = #{id,jdbcType=INTEGER}
  </delete>
  
  <!-- 保存全部信息  -->
  <insert id="insert" parameterType="com.jl.mis.model.Role">
    insert into role (id, name, description, 
      operator_identifier, create_time)
    values (#{id,jdbcType=INTEGER}, #{name,jdbcType=VARCHAR}, #{description,jdbcType=VARCHAR}, 
      #{operatorIdentifier,jdbcType=VARCHAR}, #{createTime,jdbcType=TIMESTAMP})
  </insert>
  
  <!-- 保存所选内容的信息 -->
  <insert id="insertSelective" parameterType="com.jl.mis.model.Role">
    insert into role
    <trim prefix="(" suffix=")" suffixOverrides=",">
      <if test="id != null">
        id,
      </if>
      <if test="name != null">
        name,
      </if>
      <if test="description != null">
        description,
      </if>
      <if test="operatorIdentifier != null">
        operator_identifier,
      </if>
      <if test="createTime != null">
        create_time,
      </if>
    </trim>
    <trim prefix="values (" suffix=")" suffixOverrides=",">
      <if test="id != null">
        #{id,jdbcType=INTEGER},
      </if>
      <if test="name != null">
        #{name,jdbcType=VARCHAR},
      </if>
      <if test="description != null">
        #{description,jdbcType=VARCHAR},
      </if>
      <if test="operatorIdentifier != null">
        #{operatorIdentifier,jdbcType=VARCHAR},
      </if>
      <if test="createTime != null">
        #{createTime,jdbcType=TIMESTAMP},
      </if>
    </trim>
  </insert>
  
  <!-- 根据主键更新所选内容 -->
  <update id="updateByPrimaryKeySelective" parameterType="com.jl.mis.model.Role">
    update role
    <set>
      <if test="name != null">
        name = #{name,jdbcType=VARCHAR},
      </if>
      <if test="description != null">
        description = #{description,jdbcType=VARCHAR},
      </if>
      <if test="operatorIdentifier != null">
        operator_identifier = #{operatorIdentifier,jdbcType=VARCHAR},
      </if>
      <if test="createTime != null">
        create_time = #{createTime,jdbcType=TIMESTAMP},
      </if>
    </set>
    where id = #{id,jdbcType=INTEGER}
  </update>
  
  <!-- 根据主键更新全部内容 -->
  <update id="updateByPrimaryKey" parameterType="com.jl.mis.model.Role">
    update role
    set name = #{name,jdbcType=VARCHAR},
      description = #{description,jdbcType=VARCHAR},
      operator_identifier = #{operatorIdentifier,jdbcType=VARCHAR},
      create_time = #{createTime,jdbcType=TIMESTAMP}
    where id = #{id,jdbcType=INTEGER}
  </update>
</mapper>