<?xml version="1.0" encoding="UTF-8"?>
<!DOCTYPE mapper PUBLIC "-//mybatis.org//DTD Mapper 3.0//EN" "http://mybatis.org/dtd/mybatis-3-mapper.dtd">
<mapper namespace="com.jl.mis.mapper.VatInvoiceAptitudeMapper">
  <resultMap id="BaseResultMap" type="com.jl.mis.model.VatInvoiceAptitude">
    <id column="id" jdbcType="INTEGER" property="id" />
    <result column="identifier" jdbcType="VARCHAR" property="identifier" />
    <result column="unit_name" jdbcType="VARCHAR" property="unitName" />
    <result column="taxpayer_identification_number" jdbcType="VARCHAR" property="taxpayerIdentificationNumber" />
    <result column="registered_address" jdbcType="VARCHAR" property="registeredAddress" />
    <result column="registered_tel" jdbcType="VARCHAR" property="registeredTel" />
    <result column="deposit_bank" jdbcType="VARCHAR" property="depositBank" />
    <result column="bank_account" jdbcType="VARCHAR" property="bankAccount" />
    <result column="business_license_url" jdbcType="VARCHAR" property="businessLicenseUrl" />
    <result column="state" jdbcType="INTEGER" property="state" />
    <result column="user_id" jdbcType="INTEGER" property="userId" />
    <result column="operator_time" jdbcType="TIMESTAMP" property="operatorTime" />
    <association property="user" javaType="com.jl.mis.model.User"
			resultMap="UserResultMap" />
  </resultMap>
  
  <!-- 用户详情 -->
	<resultMap id="UserResultMap" type="com.jl.mis.model.User">
		<result column="name" jdbcType="VARCHAR" property="name" />
		<result column="phone" jdbcType="VARCHAR" property="phone" />
	</resultMap>
	
	
  <sql id="Base_Column_List">
    id,identifier, unit_name, taxpayer_identification_number, registered_address, registered_tel, 
    deposit_bank, bank_account, business_license_url, state, user_id, operator_time
  </sql>
  
  <!-- 根据主键查询信息 （PC & APP 通用） -->
  <select id="selectByPrimaryKey" parameterType="java.lang.Integer" resultMap="BaseResultMap">
    select 
    <include refid="Base_Column_List" />
    from vat_invoice_aptitude
    where id = #{id,jdbcType=INTEGER}
  </select>
  
   <!-- 根据主键删除 信息 （PC & APP 通用） -->
  <delete id="deleteByPrimaryKey" parameterType="java.lang.Integer">
    delete from vat_invoice_aptitude
    where id = #{id,jdbcType=INTEGER}
  </delete>
  
  <!-- 保存全部信息  -->
  <insert id="insert" parameterType="com.jl.mis.model.VatInvoiceAptitude">
    insert into vat_invoice_aptitude (id, identifier, unit_name, taxpayer_identification_number, 
      registered_address, registered_tel, deposit_bank, 
      bank_account, business_license_url, state, 
      user_id, operator_time)
    values (#{id,jdbcType=INTEGER}, #{identifier,jdbcType=VARCHAR}, #{unitName,jdbcType=VARCHAR}, #{taxpayerIdentificationNumber,jdbcType=VARCHAR}, 
      #{registeredAddress,jdbcType=VARCHAR}, #{registeredTel,jdbcType=VARCHAR}, #{depositBank,jdbcType=VARCHAR}, 
      #{bankAccount,jdbcType=VARCHAR}, #{businessLicenseUrl,jdbcType=VARCHAR}, #{state,jdbcType=INTEGER}, 
      #{userId,jdbcType=INTEGER}, #{operatorTime,jdbcType=TIMESTAMP})
  </insert>
  
  <!-- 保存所选内容的信息  （PC & APP 通用）-->
  <insert id="insertSelective" parameterType="com.jl.mis.model.VatInvoiceAptitude">
    insert into vat_invoice_aptitude
    <trim prefix="(" suffix=")" suffixOverrides=",">
      <if test="id != null">
        id,
      </if>
      <if test="identifier != null">
        identifier,
      </if>
      <if test="unitName != null">
        unit_name,
      </if>
      <if test="taxpayerIdentificationNumber != null">
        taxpayer_identification_number,
      </if>
      <if test="registeredAddress != null">
        registered_address,
      </if>
      <if test="registeredTel != null">
        registered_tel,
      </if>
      <if test="depositBank != null">
        deposit_bank,
      </if>
      <if test="bankAccount != null">
        bank_account,
      </if>
      <if test="businessLicenseUrl != null">
        business_license_url,
      </if>
      <if test="state != null">
        state,
      </if>
      <if test="userId != null">
        user_id,
      </if>
      <if test="operatorTime != null">
        operator_time,
      </if>
    </trim>
    <trim prefix="values (" suffix=")" suffixOverrides=",">
      <if test="id != null">
        #{id,jdbcType=INTEGER},
      </if>
       <if test="identifier != null">
        #{identifier,jdbcType=VARCHAR},
      </if>
      <if test="unitName != null">
        #{unitName,jdbcType=VARCHAR},
      </if>
      <if test="taxpayerIdentificationNumber != null">
        #{taxpayerIdentificationNumber,jdbcType=VARCHAR},
      </if>
      <if test="registeredAddress != null">
        #{registeredAddress,jdbcType=VARCHAR},
      </if>
      <if test="registeredTel != null">
        #{registeredTel,jdbcType=VARCHAR},
      </if>
      <if test="depositBank != null">
        #{depositBank,jdbcType=VARCHAR},
      </if>
      <if test="bankAccount != null">
        #{bankAccount,jdbcType=VARCHAR},
      </if>
      <if test="businessLicenseUrl != null">
        #{businessLicenseUrl,jdbcType=VARCHAR},
      </if>
      <if test="state != null">
        #{state,jdbcType=INTEGER},
      </if>
      <if test="userId != null">
        #{userId,jdbcType=INTEGER},
      </if>
      <if test="operatorTime != null">
        #{operatorTime,jdbcType=TIMESTAMP},
      </if>
    </trim>
  </insert>
  
  <!-- 根据主键更新所选内容  （PC & APP 通用）-->
  <update id="updateByPrimaryKeySelective" parameterType="com.jl.mis.model.VatInvoiceAptitude">
    update vat_invoice_aptitude
    <set>
      <if test="identifier != null">
        identifier = #{identifier,jdbcType=VARCHAR},
      </if>
      <if test="unitName != null">
        unit_name = #{unitName,jdbcType=VARCHAR},
      </if>
      <if test="taxpayerIdentificationNumber != null">
        taxpayer_identification_number = #{taxpayerIdentificationNumber,jdbcType=VARCHAR},
      </if>
      <if test="registeredAddress != null">
        registered_address = #{registeredAddress,jdbcType=VARCHAR},
      </if>
      <if test="registeredTel != null">
        registered_tel = #{registeredTel,jdbcType=VARCHAR},
      </if>
      <if test="depositBank != null">
        deposit_bank = #{depositBank,jdbcType=VARCHAR},
      </if>
      <if test="bankAccount != null">
        bank_account = #{bankAccount,jdbcType=VARCHAR},
      </if>
      <if test="businessLicenseUrl != null">
        business_license_url = #{businessLicenseUrl,jdbcType=VARCHAR},
      </if>
      <if test="state != null">
        state = #{state,jdbcType=INTEGER},
      </if>
      <if test="userId != null">
        user_id = #{userId,jdbcType=INTEGER},
      </if>
      <if test="operatorTime != null">
        operator_time = #{operatorTime,jdbcType=TIMESTAMP},
      </if>
    </set>
    where id = #{id,jdbcType=INTEGER}
  </update>
  
  <!-- 根据主键更新全部内容 -->
  <update id="updateByPrimaryKey" parameterType="com.jl.mis.model.VatInvoiceAptitude">
    update vat_invoice_aptitude
    set identifier = #{identifier,jdbcType=VARCHAR},
      unit_name = #{unitName,jdbcType=VARCHAR},
      taxpayer_identification_number = #{taxpayerIdentificationNumber,jdbcType=VARCHAR},
      registered_address = #{registeredAddress,jdbcType=VARCHAR},
      registered_tel = #{registeredTel,jdbcType=VARCHAR},
      deposit_bank = #{depositBank,jdbcType=VARCHAR},
      bank_account = #{bankAccount,jdbcType=VARCHAR},
      business_license_url = #{businessLicenseUrl,jdbcType=VARCHAR},
      state = #{state,jdbcType=INTEGER},
      user_id = #{userId,jdbcType=INTEGER},
      operator_time = #{operatorTime,jdbcType=TIMESTAMP}
    where id = #{id,jdbcType=INTEGER}
  </update>
  
  
  <!-- 根据id更改状态 -->
	<update id="updateStateById" parameterType="com.jl.mis.model.VatInvoiceAptitude" >
 		update vat_invoice_aptitude set state = #{state} where id = #{id}

	</update>
  
  
  
  <!--定义一个sql片段-->
	<sql id="query_where">
		<if test="identifier!=null and identifier!=''">
			AND v.identifier like '%${identifier}%'
		</if>
		<if test="name!=null and name!=''">
			AND u.name like '%${name}%'
		</if>
		<if test="phone!=null and phone!=''">
			AND u.phone like '%${phone}%'
		</if>
		<if test="state!=-1">
			AND v.state =#{state}
		</if>
		<if test="operatorTime!=null and operatorTime!=''">
			AND DATE_FORMAT(v.operator_time,'%Y-%m-%d') = '${operatorTime}'
		</if>
	</sql>
	
	
	<!-- datatable 分页 start -->
    <!-- 查询记录总条数 -->
	<select id="iTotalRecords" resultType="java.lang.Integer">
		select count(1) from vat_invoice_aptitude v, user u where v.user_id = u.id  
	</select>
	<!-- 查询所有信息 结果集 -->
	<select id="selectForSearch" resultMap="BaseResultMap">
		
	    select v.*,u.name,u.phone 
	    from vat_invoice_aptitude v, user u 
	    where v.user_id = u.id  
	   
		<include refid="query_where"></include>
		
		<if test="desc!=null and desc!='' ">
			order by ${desc} desc
		</if>
		<if test="asc!=null and asc!=''">
			order by ${asc} asc
		</if>
		limit ${iDisplayStart},${pageDisplayLength}
	</select>
	<!-- 通过搜索条件过滤后的总记录 -->
	<select id="iTotalDisplayRecords" resultType="java.lang.Integer">
		select count(1) from vat_invoice_aptitude v, user u where v.user_id = u.id 
		<include refid="query_where"></include>
			
	</select>
	
	
	
	
	
	
	
	
	
	
	
	
	
	
	<!-- APP 接口 -->
	
	 <!--根据用户id查询该用户不可使用的优惠券信息-->
	<select id="selectVatInvoiceAptitudeByUserId" parameterType="java.lang.Integer"  resultMap="BaseResultMap">
		SELECT * from vat_invoice_aptitude where user_id = #{userId}
	</select>
	
	
	
	
  
  
</mapper>